cell_id,HYBAS_ID,weight
0,7120515330,1.0
1,7120515330,0.881386698539752
1,7120515340,0.11861330146024796
2,7120515330,0.10227790979313293
2,7120515340,0.8977220902068671
18,7120515330,0.7954170744657614
18,7120515340,0.20458292553423846
19,7120515330,0.07089831939731785
19,7120515340,0.8732102809571403
19,7120521510,0.008519752127114548
19,7120521580,0.04737164751842744
36,7120515330,0.08649516627918412
36,7120515340,0.8869002647033758
36,7120521580,0.026604569017440124
3,7120515340,0.965331175882056
3,7120521510,0.034668824117943906
4,7120515340,0.27253900952108384
4,7120514140,0.7008650556081705
4,7120512940,0.0265959348707457
20,7120515340,0.30316372438156575
20,7120521510,0.672629201916632
20,7120521580,0.0242070737018022
21,7120515340,0.08820574487525974
21,7120521510,0.9117942551247403
22,7120515340,0.14000230542263742
22,7120521510,0.2520939035666338
22,7120514140,0.007617486841763927
22,7120512940,0.6002863041689648
37,7120515340,0.4070238790014625
37,7120521580,0.5929761209985375
54,7120515340,0.3546676012949378
54,7120521580,0.5379197597850849
54,7121064580,0.10741263891997735
38,7120521510,0.45223438443740455
38,7120521580,0.5477656155625954
39,7120521510,1.0
40,7120521510,0.8651281691460779
40,7120512940,0.047351775768074464
40,7120519340,0.08752005508584768
56,7120521510,0.08935674597349579
56,7120521580,0.9106432540265043
57,7120521510,1.0
58,7120521510,0.7442109634140367
58,7120519340,0.2557890365859634
74,7120521510,0.00010146911175465666
74,7120521580,0.9998985308882453
75,7120521510,0.8480379057369295
75,7120521580,0.15196209426307045
76,7120521510,0.7853621098792476
76,7120519340,0.21463789012075252
77,7120521510,0.00011358650809056765
77,7120519340,0.9998864134919094
93,7120521510,0.27585095212023514
93,7120521580,0.724149047879765
94,7120521510,0.943227937731055
94,7120521580,0.05677206226894512
95,7120521510,0.11780405052775839
95,7120519340,0.8467739051678631
95,7120522290,0.03542204430437843
112,7120521510,0.08010578524040124
112,7120521580,0.6992037312714616
112,7120522290,0.2206904834881373
113,7120521510,0.0009956253607671089
113,7120519340,0.4175043214272503
113,7120522290,0.5815000532119826
5,7120514140,0.5265285867441949
5,7120512940,0.4734714132558053
6,7120514140,0.0023672952220400822
6,7120512940,0.8511511944273403
6,7121062290,0.1464815103506196
7,7120512940,0.3782269042844794
7,7121062290,0.6217730957155205
23,7120512940,0.8441082054427546
23,7121062290,0.14675165160530984
23,7120518920,0.009140142951935555
24,7120512940,0.08078370573989692
24,7121062290,0.9192162942601031
41,7120512940,0.06890191665496448
41,7121062290,0.006722921265700903
41,7120518920,0.6142509098100168
41,7120519340,0.3101242522693178
8,7121062290,1.0
9,7121062290,1.0
10,7121062290,0.2095964436208265
10,7121061260,0.5111373353280337
10,7121061650,0.27926622105113974
25,7121062290,1.0
26,7121062290,1.0
27,7121062290,0.9724445700807199
27,7120518930,0.02755542991928023
28,7121062290,0.6399903497307916
28,7121061260,0.09539305500852398
28,7121061650,0.2646165952606844
29,7121062290,0.005185387743054107
29,7121061650,0.9948146122569459
42,7121062290,0.14335458920013588
42,7120518920,0.8066109367193495
42,7120519340,0.050034474080514764
43,7121062290,0.6948635822666915
43,7120518920,0.1969946733251405
43,7120518930,0.10814174440816796
44,7121062290,0.7519385786636941
44,7120518930,0.24806142133630577
45,7121062290,0.01201499876019335
45,7120518930,0.9879850012398066
46,7121062290,0.31214776743481265
46,7120518930,0.557028038624156
46,7121064040,0.13082419394103123
47,7121062290,0.3164351068171982
47,7121061650,0.417841716430992
47,7121062170,0.08669072932293224
47,7120518930,0.012811157466400167
47,7121064040,0.1662212899624775
61,7121062290,0.001558353292648507
61,7120518920,0.1423138698826941
61,7120518930,0.356960921764213
61,7120519340,0.03976461015846178
61,7120519350,0.4594022449019827
62,7121062290,0.0006151039486877649
62,7120518930,0.9993848960513122
11,7121061650,1.0
12,7121061650,1.0
13,7121061650,0.43696460632724254
13,7121062170,0.5630353936727573
14,7121061650,0.04731184807021817
14,7121062170,0.9526881519297818
30,7121061650,0.4876942898724211
30,7121062170,0.5123057101275789
31,7121061650,2.1180810844064188e-05
31,7121062170,0.999978819189156
48,7121061650,0.03755966623592063
48,7121062170,0.9624403337640793
65,7121061650,0.0011474990186253785
65,7121062170,0.005001511250389015
65,7121064040,0.9938509897309856
15,7121062170,0.7314399871498829
15,7120513490,0.1427143340541416
15,7121062720,0.12584567879597539
32,7121062170,0.878742367787272
32,7121062720,0.12125763221272814
33,7121062170,0.3588694546561232
33,7121062720,0.6411305453438768
49,7121062170,0.5834590529216541
49,7121062720,0.4165409470783459
50,7121062170,0.012246304340600362
50,7121062720,0.9256575187141407
50,7120518940,0.062096176945258943
66,7121062170,0.17015243089562174
66,7121062720,0.5627615873865415
66,7121064040,0.26708598171783676
67,7121062170,0.0177653817818183
67,7121062720,0.957368643095191
67,7120518940,0.024865975122990894
16,7120513490,0.8472216453643626
16,7121062720,0.15277835463563755
17,7120513490,0.9389236874353541
17,7120513500,0.06107631256464589
34,7120513490,0.025360534175877844
34,7121062720,0.9746394658241221
35,7120513490,0.19330331695388586
35,7121062720,0.5329576318724484
35,7120513500,0.27373905117366576
51,7121062720,0.32992569956769374
51,7120518940,0.33337182095085316
51,7120518950,0.33670247948145293
52,7121062720,0.5003947897746304
52,7120518950,0.49960521022536947
53,7121062720,0.8938064873516629
53,7120513500,0.06256559684509069
53,7120518950,0.04362791580324639
68,7121062720,0.1602590789514367
68,7120518940,0.8397409210485635
71,7121062720,0.19686904021501325
71,7120513500,0.16439440429339575
71,7120518950,0.6387365554915909
84,7121062720,0.04609960490349065
84,7121064040,0.6073552516996436
84,7121064510,0.34654514339686576
85,7121062720,0.7460194040210405
85,7121064510,0.25398059597895944
86,7121062720,0.2582242249369684
86,7120518940,0.7417757750630316
103,7121062720,0.09008272810720422
103,7120518940,0.06012129985384303
103,7121064510,0.8497959720389529
104,7121062720,0.06440021174054696
104,7120518940,0.9292338169189827
104,7121064510,0.006365971340470351
55,7120521580,1.0
72,7120521580,0.4983401717233547
72,7121064580,0.5016598282766451
73,7120521580,1.0
90,7120521580,0.040306067936350026
90,7121064580,0.95969393206365
91,7120521580,0.9853569603404665
91,7121064580,0.014643039659533553
92,7120521580,1.0
108,7120521580,0.527438337652268
108,7121064580,0.47256166234773206
109,7120521580,1.0
110,7120521580,0.9986942269798776
110,7120522290,0.0013057730201223034
111,7120521580,0.9939540739656536
111,7120522290,0.00604592603434627
126,7120521580,0.1458741580151537
126,7121064580,0.3579092421442854
126,7120523490,0.496216599840561
127,7120521580,0.22881808098321343
127,7120522290,0.026264572290946114
127,7120523490,0.7449173467258405
128,7120521580,0.11065755257779039
128,7120522290,0.4721163518539205
128,7120523490,0.4172260955682891
129,7120521580,0.047349986368438256
129,7120522290,0.8234018741349335
129,7120523490,0.1292481394966283
130,7120521580,0.06107974114585681
130,7120522290,0.5601783798054912
130,7120523490,0.018922143474455994
130,7120522410,0.3598197355741961
60,7120518920,0.029878220655126547
60,7120519340,0.9701121781092864
60,7120519350,9.601235587201208e-06
63,7120518930,0.9835961213307478
63,7121064040,0.01640387866925213
64,7120518930,0.16036035604682763
64,7121064040,0.8396396439531724
79,7120518930,0.011059952642617756
79,7120519340,0.3569559153907912
79,7120519350,0.631984131966591
80,7120518930,0.8263782260836904
80,7120519350,0.1736217739163096
81,7120518930,0.8230386101557813
81,7121064040,0.17696138984421866
82,7120518930,0.014418931102242911
82,7121064040,0.9855810688977571
98,7120518930,0.0907968127226211
98,7120519350,0.9092031872773788
99,7120518930,0.5806426627493896
99,7121064040,0.043681936693438166
99,7120519350,0.37567540055717213
100,7120518930,0.07840964245599066
100,7121064040,0.9215903575440093
59,7120519340,1.0
78,7120519340,1.0
96,7120519340,1.0
97,7120519340,0.7764319511567036
97,7120519350,0.22356804884329634
114,7120519340,1.0
115,7120519340,0.9427491584626332
115,7120519350,0.0572508415373669
116,7120519340,0.028213037132331097
116,7120519350,0.44249907739056404
116,7120521870,0.4017063319044423
116,7120521990,0.12758155357266254
131,7120519340,0.009267371082620964
131,7120522290,0.3128401185760537
131,7120522410,0.6778925103413255
132,7120519340,0.9458263780356748
132,7120521990,0.00018571170961011112
132,7120522410,0.05398791025471522
133,7120519340,0.8744163080293763
133,7120521990,0.1255836919706237
134,7120519340,0.27451115309757207
134,7120521870,0.07776826694015664
134,7120521990,0.6477205799622713
150,7120519340,0.10321098734496484
150,7120521990,0.6180351716597252
150,7120522410,0.27875384099530987
83,7121064040,1.0
101,7121064040,0.9999228457585579
101,7121064510,7.715424144206826e-05
102,7121064040,0.20550284534742316
102,7121064510,0.7944971546525768
117,7121064040,0.0728469452318298
117,7120519350,0.2160996195607875
117,7120521870,0.7110534352073826
118,7121064040,0.8120707285521391
118,7120521870,0.187929271447861
119,7121064040,0.7208294978428187
119,7121064510,0.27917050215718126
120,7121064040,0.0001291108679160759
120,7121064510,0.9998708891320839
136,7121064040,0.002439486873619904
136,7120521870,0.99756051312638
137,7121064040,0.05805200888111865
137,7121064510,0.6351278390866941
137,7120521870,0.2644796627524897
137,7121064980,0.04234048927969756
69,7120518940,0.9669172730122694
69,7120518950,0.03308272698773053
70,7120518940,0.10091804183858788
70,7120518950,0.8990819581614122
87,7120518940,1.0
88,7120518940,0.32983197612793413
88,7120518950,0.670168023872066
105,7120518940,0.8811874529156464
105,7120518950,0.010703828199661862
105,7121064460,0.10810871888469191
106,7120518940,0.03184446324712727
106,7120518950,0.4444963274507209
106,7121064460,0.5236592093021519
122,7120518940,0.5330732841687966
122,7121064510,0.4669267158312034
123,7120518940,0.3817052703865355
123,7121064460,0.6182947296134645
140,7120518940,0.05595960400661682
140,7121064510,0.2520790372721435
140,7121064980,0.6919613587212396
141,7120518940,0.4145581744115996
141,7121064460,0.5067774302018644
141,7121064980,0.07866439538653607
89,7120518950,1.0
107,7120518950,0.9087965705067897
107,7121064460,0.09120342949321025
125,7120518950,0.25555913118933615
125,7121064460,0.7444408688106638
144,7121064580,0.33567172276564644
144,7120523490,0.6449017793441961
144,7120525650,0.019426497890157494
121,7121064510,1.0
138,7121064510,0.24030558050626882
138,7121064980,0.7596944194937311
139,7121064510,0.5538483129826652
139,7121064980,0.44615168701733476
155,7121064510,0.050216417785878896
155,7120521870,0.5418729034941948
155,7121064980,0.40791067871992626
124,7121064460,1.0
142,7121064460,1.0
143,7121064460,0.9999999999982571
143,7121065300,1.7430137013080122e-12
159,7121064460,0.4843236778174747
159,7121064980,0.5156763221825252
160,7121064460,1.0
161,7121064460,0.9811359957416153
161,7121065300,0.018864004258384703
177,7121064460,0.14586578185467355
177,7121064980,0.8541342181453265
178,7121064460,0.6763195827012208
178,7121064980,0.01014905707145721
178,7121065910,0.313531360227322
179,7121064460,0.6595305989591311
179,7121065910,0.3404694010408688
135,7120521870,0.7548751782794002
135,7120521990,0.24512482172059977
153,7120521870,0.08427959548569063
153,7120521990,0.32829071814790056
153,7121065360,0.5874296863664086
154,7120521870,0.7490093822730894
154,7120521990,0.001097836391587382
154,7121065360,0.2498927813353232
172,7120521870,0.03809440852531136
172,7121065360,0.9619055914746886
173,7120521870,0.8246729425418362
173,7121064980,0.01100165068637762
173,7121065360,0.1298618481563102
173,7121065870,0.03446355861547604
174,7120521870,0.034801016105251346
174,7121064980,0.13665293490890137
174,7121065870,0.8285460489858473
191,7120521870,0.745313238355376
191,7121065360,0.14042326855136186
191,7121065870,0.11426349309326209
192,7120521870,0.007769551188968504
192,7121065870,0.9922304488110315
209,7120521870,0.5758941577048112
209,7121065360,0.42410584229518883
210,7120521870,0.5922141426002081
210,7121065870,0.4077858573997919
211,7120521870,0.02754181059111055
211,7121065870,0.9724581894088895
227,7120521870,0.016356405051872563
227,7121065360,0.8919204465544813
227,7121066940,0.09172314839364594
228,7120521870,0.7504225655124543
228,7121065360,0.24957743448754577
229,7120521870,0.3651674382211339
229,7121065870,0.3399862744583619
229,7121066950,0.2948462873205043
246,7120521870,0.08370009920630554
246,7121065360,0.20858802812855254
246,7121066940,0.6929143258143864
246,7121067670,0.014797546850755851
247,7120521870,0.28934075327173137
247,7121066940,0.026380494514317926
247,7121066950,0.5185202331466408
247,7121067670,0.16575851906730993
151,7120521990,1.0
152,7120521990,0.905296788265013
152,7121065360,0.09470321173498686
168,7120521990,0.19894275757730986
168,7120522410,0.003987125042524273
168,7120523630,0.10496768122547151
168,7120524700,0.05199795566807208
168,7120524540,0.6401044804866225
169,7120521990,0.6276810275442413
169,7120524540,0.3723189724557587
170,7120521990,0.5370452265908365
170,7121065360,0.4302305746152848
170,7120524540,0.03272419879387862
145,7120523490,1.0
146,7120523490,1.0
147,7120523490,1.0
148,7120523490,0.8222685836400082
148,7120522410,0.08418364780637771
148,7120523630,0.09354776855361403
149,7120523490,0.01719073709758635
149,7120522410,0.8484448783861612
149,7120523630,0.13436438451625257
162,7120523490,0.880206743061463
162,7120525650,0.07377886513956967
162,7120525980,0.046014391798967366
163,7120523490,1.0
164,7120523490,1.0
165,7120523490,0.9999931099516691
165,7120523630,6.890048330903804e-06
166,7120523490,0.21220202937590193
166,7120523630,0.7877979706240981
180,7120523490,0.4214435929472506
180,7120525980,0.007080221548598573
180,7120524700,0.5714761855041507
181,7120523490,0.8993654576712322
181,7120524700,0.10063454232876788
182,7120523490,0.9545144343252163
182,7120524700,0.0454855656747836
183,7120523490,0.7563984129755054
183,7120523630,0.15634766748199766
183,7120524700,0.08725391954249703
184,7120523490,0.017792300451504886
184,7120523630,0.7960785895587669
184,7120524700,0.18612910998972818
199,7120523490,0.0011949780378614485
199,7120524700,0.9988050219621386
200,7120523490,0.048716809753897646
200,7120524700,0.8992691928536958
200,7121066590,0.052013997392406586
201,7120523490,0.03833629113327415
201,7120524700,0.5259082567797817
201,7121066590,0.4357554520869442
167,7120522410,0.004511078410808102
167,7120523630,0.9422265779758299
167,7120524700,0.05326234361336214
156,7121064980,0.9850641430810403
156,7121065870,0.014935856918959758
157,7121064980,0.992985949827005
157,7121065870,0.007014050172994942
158,7121064980,1.0
175,7121064980,0.3890242909469421
175,7121065870,0.6109757090530579
176,7121064980,1.0
193,7121064980,0.009124806497879159
193,7121065870,0.9908751935021208
194,7121064980,0.5563364432611306
194,7121065870,0.4436635567388695
195,7121064980,0.8170223516539544
195,7121065870,0.18297764834604552
196,7121064980,0.21292868991896996
196,7121065870,0.14866785854976375
196,7121065910,0.6384034515312663
212,7121064980,0.045000461331178104
212,7121065870,0.9549995386688218
185,7120523630,0.15253777917608
185,7120524700,0.8474622208239201
171,7121065360,1.0
188,7121065360,0.770497699773099
188,7120524540,0.229502300226901
189,7121065360,1.0
190,7121065360,1.0
206,7121065360,0.2155910481948722
206,7120524540,0.7844089518051279
207,7121065360,0.9815436779440907
207,7120524540,0.018456322055909285
208,7121065360,1.0
225,7121065360,0.1628537917329401
225,7120524540,0.7592096254806007
225,7120526710,0.02862111353887759
225,7121066940,0.04931546924758167
226,7121065360,0.46199477725910953
226,7120524540,2.6686387156554494e-05
226,7121066940,0.5379785363537338
245,7121065360,0.1151870472034922
245,7121066940,0.8819860760391817
245,7121067460,0.002826876757326154
213,7121065870,1.0
214,7121065870,0.7416899262918487
214,7121065910,0.25831007370815123
230,7121065870,0.24280106200134677
230,7121066950,0.7571989379986532
231,7121065870,0.5548669304206028
231,7121066950,0.44513306957939697
232,7121065870,0.3877747199832996
232,7121065910,0.08041395724193955
232,7121066950,0.5318113227747608
186,7120524700,0.20883563701724006
186,7120524540,0.7911643629827599
198,7120524700,0.9950304039642693
198,7121067340,0.004969596035730706
202,7120524700,0.5330924195733321
202,7121066590,0.4669075804266679
203,7120524700,0.8323235971632815
203,7120524540,0.12817766523861446
203,7121066590,0.03204778289085839
203,7120526700,0.007450954707245654
204,7120524700,0.0037769832649056923
204,7120524540,0.970725193856273
204,7120526710,0.0254978228788213
216,7120524700,0.5263119456277311
216,7121067340,0.31720248091952585
216,7121066590,0.1564855734527431
217,7120524700,0.14151106197660593
217,7121066590,0.8584889380233941
218,7120524700,0.013351394223629402
218,7121066590,0.9866486057763706
221,7120524700,0.053547425829125236
221,7120524540,0.007007240967187837
221,7121066590,0.3380228206469625
221,7120526700,0.6014225125567245
187,7120524540,1.0
205,7120524540,0.9760809365740909
205,7120526710,0.023919063425909146
222,7120524540,0.10313317136383239
222,7120526700,0.3689496385809934
222,7120526710,0.5279171900551741
223,7120524540,0.3960629967633927
223,7120526710,0.6039370032366073
224,7120524540,0.7132588004664793
224,7120526710,0.2867411995335206
243,7120524540,0.13624601808245967
243,7120526710,0.5243183233629601
243,7121066940,0.3394356585545802
197,7121065910,1.0
215,7121065910,1.0
233,7121065910,0.3920305618472479
233,7121066950,0.6026874453669024
233,7121067020,0.005281992785849486
234,7121067340,0.8428395923421689
234,7121066590,0.15716040765783099
235,7121067340,0.00116094456061269
235,7121066590,0.9988390554393873
252,7121067340,0.741679910548663
252,7121066590,0.010631105174461147
252,7120528960,0.11530799629243885
252,7120529550,0.13238098798443695
270,7121067340,0.0235040426077726
270,7120528960,0.0008660945448215025
270,7120529550,0.9756298628474058
219,7121066590,0.9920992457021407
219,7120526700,0.0079007542978593
220,7121066590,0.8957119625602535
220,7120526700,0.10428803743974646
236,7121066590,0.9807861010532081
236,7120528960,0.019213898946791794
237,7121066590,0.2568741546877009
237,7120526700,0.7119196114880947
237,7120528960,0.031206233824204434
253,7121066590,0.2703711677417486
253,7120528960,0.7296288322582515
254,7121066590,0.1975179975162569
254,7120528960,0.8024820024837431
238,7120526700,1.0
239,7120526700,0.8414513076460891
239,7120526710,0.1585486923539109
240,7120526700,0.023659714461463286
240,7120526710,0.9763402855385367
255,7120526700,0.19199024168538995
255,7120528960,0.80800975831461
256,7120526700,0.7769819036378374
256,7120528960,0.2230180963621624
257,7120526700,0.6574532256602179
257,7120526710,0.1641684933888665
257,7120528960,0.07227114534898653
257,7120528970,0.10610713560192904
258,7120526700,0.09775338574001426
258,7120526710,0.9022466142599858
274,7120526700,0.0007764400955517125
274,7120528960,0.9992235599044483
275,7120526700,0.0016098289200106694
275,7120528960,0.5165194325247129
275,7120528970,0.48187073855527635
276,7120526700,0.019487470308773066
276,7120526710,0.033742406200930934
276,7120528970,0.946770123490296
241,7120526710,1.0
242,7120526710,1.0
259,7120526710,1.0
260,7120526710,1.0
261,7120526710,0.3667594337537988
261,7121066940,0.6332405662462013
277,7120526710,0.5610373531067313
277,7120528970,0.4389626468932687
278,7120526710,1.0
279,7120526710,0.6957468689239079
279,7121066940,0.30425313107609214
295,7120526710,2.5296099671205574e-05
295,7120528970,0.9999747039003288
296,7120526710,0.3278107261280706
296,7121066940,0.029505023334821634
296,7120528970,0.6426842505371075
297,7120526710,0.19632064738608918
297,7121066940,0.7879657210394647
297,7121067460,0.015713631574446368
244,7121066940,1.0
262,7121066940,0.9927797077664177
262,7121067460,0.007220292233582357
263,7121066940,0.36657495827757136
263,7121067460,0.6334250417224286
264,7121066940,0.16944683417063447
264,7121067460,0.21601599584206105
264,7121067670,0.6145371699873047
280,7121066940,0.9895922459599332
280,7121067460,0.010407754040066667
281,7121066940,0.19350442539128695
281,7121067460,0.8064955746087129
298,7121066940,0.4889786753986008
298,7121067460,0.5110213246013993
314,7121066940,0.0012617816950683974
314,7120528970,0.8453149607602025
314,7120536600,0.15342325754472924
315,7121066940,0.1778667252890962
315,7121067460,0.2767288954137361
315,7120528970,0.015878622309821924
315,7120536600,0.5295257569873458
248,7121066950,0.9802445904746914
248,7121067670,0.019755409525308642
249,7121066950,1.0
250,7121066950,1.0
251,7121066950,0.5642405166201229
251,7121067020,0.004309234859555856
251,7121068700,0.4314502485203213
266,7121066950,0.25917114970681054
266,7121067670,0.7408288502931896
267,7121066950,0.9251495946215391
267,7121067670,0.07485040537846094
268,7121066950,1.0
269,7121066950,0.10390752039403894
269,7121068700,0.8960924796059612
285,7121066950,0.12956992097536288
285,7121067670,0.8704300790246371
286,7121066950,0.5113351450185514
286,7121067670,0.40266052136613795
286,7121068700,0.08600433361531068
287,7121066950,0.12921483496629355
287,7121068700,0.8707851650337065
271,7120528960,0.7231321486248949
271,7120529550,0.12186025906187965
271,7121068980,0.15500759231322564
272,7120528960,1.0
273,7120528960,1.0
289,7120528960,0.11613632847116487
289,7120529550,0.3685315503769177
289,7121068980,0.5153321211519174
290,7120528960,0.9949703918180778
290,7121068980,0.005029608181922344
291,7120528960,0.969759631922538
291,7121068980,0.03024036807746195
292,7120528960,0.35904836098357373
292,7121068980,0.6409516390164263
293,7120528960,0.7803409696987745
293,7120528970,0.17160690327699332
293,7121068980,0.04805212702423224
294,7120528960,0.08103461573959797
294,7120528970,0.9189653842604022
307,7120528960,0.0018799703577354972
307,7120529550,0.2398815383088312
307,7121068980,0.6946474321953884
307,7120530590,0.06359105913804489
308,7120528960,0.07764046347760223
308,7121068980,0.9223595365223978
309,7120528960,0.19833347030543708
309,7121068980,0.8016665296945629
311,7120528960,0.43061811614713286
311,7121068980,0.38648217601834306
311,7121069710,0.18289970783452392
312,7120528960,0.35021338006185976
312,7120528970,0.37635829067055526
312,7121069710,0.23228602331110218
312,7120536600,0.04114230595648292
282,7121067460,0.10745669690565238
282,7121067670,0.8925433030943476
299,7121067460,0.6954747133422355
299,7121067670,0.3045252866577644
300,7121067460,0.018091086186811094
300,7121067670,0.9819089138131889
316,7121067460,0.9975471166827546
316,7120536600,0.002452883317245369
317,7121067460,0.28137528738608436
317,7121067670,0.47517211900859707
317,7120536610,0.24345259360531857
265,7121067670,1.0
283,7121067670,1.0
284,7121067670,1.0
301,7121067670,1.0
302,7121067670,0.7794953054765585
302,7121069070,0.2205046945234415
303,7121067670,0.8912529285286973
303,7121069070,0.10874707147130284
304,7121067670,0.30832233651989094
304,7121068700,0.5035853473183851
304,7120535200,0.18809231616172392
318,7121067670,0.6387165576583325
318,7121069070,0.34843134585784136
318,7120536610,0.012852096483826037
319,7121067670,0.22486927254562344
319,7121069070,0.7751307274543766
320,7121067670,0.0008441144455230266
320,7121069070,0.999155885554477
321,7121067670,0.05126365887927327
321,7121069070,0.9487363411207268
322,7121067670,0.0149023901827363
322,7121069070,0.17115018438713572
322,7120535200,0.8139474254301279
305,7121068700,0.9817428827490075
305,7120535200,0.01825711725099253
323,7121068700,0.25300413816499995
323,7120535200,0.7469958618350002
288,7120529550,1.0
306,7120529550,0.8000399543022135
306,7120530590,0.19996004569778636
313,7120528970,0.5600076936927928
313,7120536600,0.4399923063072072
310,7121068980,1.0
